{"horaInici":8,"horaFi":20,"horaFranja":14,"horari":{"A5S06":{"interval":12,"diesS":5,"matriu":[[{"nomAssig":"PRO1","numGrup":11,"tipus":"LABORATORI"},{"nomAssig":"AC","numGrup":11,"tipus":"LABORATORI"},{"nomAssig":"IC","numGrup":11,"tipus":"LABORATORI"},{"nomAssig":"PRO2","numGrup":12,"tipus":"LABORATORI"},null,null,{"nomAssig":"AC","numGrup":31,"tipus":"LABORATORI"},null,null,null,null,null],[{"nomAssig":"oi","numGrup":13,"tipus":"LABORATORI"},null,{"nomAssig":"F","numGrup":12,"tipus":"LABORATORI"},null,{"nomAssig":"FM","numGrup":13,"tipus":"LABORATORI"},{"nomAssig":"AC","numGrup":22,"tipus":"LABORATORI"},null,null,{"nomAssig":"AC","numGrup":32,"tipus":"LABORATORI"},{"nomAssig":"AC","numGrup":33,"tipus":"LABORATORI"},{"nomAssig":"FM","numGrup":21,"tipus":"LABORATORI"},{"nomAssig":"F","numGrup":21,"tipus":"LABORATORI"}],[{"nomAssig":"PRO2","numGrup":13,"tipus":"LABORATORI"},{"nomAssig":"IC","numGrup":12,"tipus":"LABORATORI"},{"nomAssig":"PR","numGrup":11,"tipus":"LABORATORI"},{"nomAssig":"IC","numGrup":13,"tipus":"LABORATORI"},{"nomAssig":"oi","numGrup":14,"tipus":"LABORATORI"},{"nomAssig":"IC","numGrup":13,"tipus":"LABORATORI"},null,{"nomAssig":"FM","numGrup":22,"tipus":"LABORATORI"},null,null,{"nomAssig":"FM","numGrup":24,"tipus":"LABORATORI"},{"nomAssig":"FM","numGrup":24,"tipus":"LABORATORI"}],[null,null,{"nomAssig":"PR","numGrup":12,"tipus":"LABORATORI"},{"nomAssig":"AC","numGrup":23,"tipus":"LABORATORI"},{"nomAssig":"FM","numGrup":11,"tipus":"LABORATORI"},{"nomAssig":"oi","numGrup":12,"tipus":"LABORATORI"},null,null,null,null,null,null],[{"nomAssig":"AC","numGrup":12,"tipus":"LABORATORI"},{"nomAssig":"FM","numGrup":12,"tipus":"LABORATORI"},{"nomAssig":"EC","numGrup":11,"tipus":"LABORATORI"},{"nomAssig":"PRO2","numGrup":11,"tipus":"LABORATORI"},{"nomAssig":"F","numGrup":11,"tipus":"LABORATORI"},{"nomAssig":"PR","numGrup":13,"tipus":"LABORATORI"},null,null,null,null,null,{"nomAssig":"FM","numGrup":21,"tipus":"LABORATORI"}]]},"A5202":{"interval":12,"diesS":5,"matriu":[[{"nomAssig":"PR","numGrup":13,"tipus":"PROBLEMES"},null,{"nomAssig":"EC","numGrup":10,"tipus":"TEORIA"},null,{"nomAssig":"oi","numGrup":13,"tipus":"PROBLEMES"},null,null,{"nomAssig":"F","numGrup":20,"tipus":"TEORIA"},{"nomAssig":"FM","numGrup":21,"tipus":"PROBLEMES"},null,{"nomAssig":"F","numGrup":21,"tipus":"PROBLEMES"},null],[{"nomAssig":"EC","numGrup":10,"tipus":"TEORIA"},{"nomAssig":"AC","numGrup":20,"tipus":"TEORIA"},{"nomAssig":"PRO2","numGrup":10,"tipus":"TEORIA"},null,{"nomAssig":"AC","numGrup":13,"tipus":"PROBLEMES"},{"nomAssig":"IC","numGrup":10,"tipus":"TEORIA"},null,null,{"nomAssig":"FM","numGrup":24,"tipus":"PROBLEMES"},null,{"nomAssig":"AC","numGrup":32,"tipus":"PROBLEMES"},null],[{"nomAssig":"PRO1","numGrup":10,"tipus":"TEORIA"},{"nomAssig":"F","numGrup":10,"tipus":"TEORIA"},{"nomAssig":"F","numGrup":12,"tipus":"PROBLEMES"},{"nomAssig":"AC","numGrup":11,"tipus":"PROBLEMES"},null,{"nomAssig":"PR","numGrup":14,"tipus":"PROBLEMES"},null,null,null,{"nomAssig":"FM","numGrup":20,"tipus":"TEORIA"},null,null],[{"nomAssig":"oi","numGrup":11,"tipus":"PROBLEMES"},{"nomAssig":"EC","numGrup":10,"tipus":"TEORIA"},{"nomAssig":"oi","numGrup":10,"tipus":"TEORIA"},{"nomAssig":"FM","numGrup":10,"tipus":"TEORIA"},{"nomAssig":"FM","numGrup":11,"tipus":"PROBLEMES"},{"nomAssig":"FM","numGrup":12,"tipus":"PROBLEMES"},{"nomAssig":"FM","numGrup":22,"tipus":"PROBLEMES"},null,null,null,null,{"nomAssig":"AC","numGrup":30,"tipus":"TEORIA"}],[{"nomAssig":"PR","numGrup":10,"tipus":"TEORIA"},{"nomAssig":"AC","numGrup":20,"tipus":"TEORIA"},{"nomAssig":"PRO2","numGrup":10,"tipus":"TEORIA"},{"nomAssig":"oi","numGrup":14,"tipus":"PROBLEMES"},{"nomAssig":"F","numGrup":11,"tipus":"PROBLEMES"},null,null,null,null,null,{"nomAssig":"AC","numGrup":30,"tipus":"TEORIA"},null]]},"A5S04":{"interval":12,"diesS":5,"matriu":[[{"nomAssig":"AC","numGrup":10,"tipus":"TEORIA"},{"nomAssig":"IC","numGrup":11,"tipus":"PROBLEMES"},{"nomAssig":"PRO1","numGrup":10,"tipus":"TEORIA"},{"nomAssig":"AC","numGrup":12,"tipus":"PROBLEMES"},{"nomAssig":"IC","numGrup":12,"tipus":"PROBLEMES"},{"nomAssig":"AC","numGrup":23,"tipus":"PROBLEMES"},null,null,null,null,null,null],[{"nomAssig":"PR","numGrup":10,"tipus":"TEORIA"},{"nomAssig":"AC","numGrup":21,"tipus":"PROBLEMES"},null,null,{"nomAssig":"oi","numGrup":10,"tipus":"TEORIA"},{"nomAssig":"IC","numGrup":10,"tipus":"TEORIA"},null,null,{"nomAssig":"F","numGrup":20,"tipus":"TEORIA"},null,null,null],[{"nomAssig":"PRO2","numGrup":10,"tipus":"TEORIA"},{"nomAssig":"PR","numGrup":12,"tipus":"PROBLEMES"},{"nomAssig":"AC","numGrup":10,"tipus":"TEORIA"},{"nomAssig":"FM","numGrup":13,"tipus":"PROBLEMES"},{"nomAssig":"oi","numGrup":12,"tipus":"PROBLEMES"},null,null,null,{"nomAssig":"FM","numGrup":23,"tipus":"PROBLEMES"},null,{"nomAssig":"F","numGrup":22,"tipus":"PROBLEMES"},null],[{"nomAssig":"FM","numGrup":14,"tipus":"PROBLEMES"},{"nomAssig":"EC","numGrup":10,"tipus":"TEORIA"},{"nomAssig":"PRO1","numGrup":10,"tipus":"TEORIA"},{"nomAssig":"AC","numGrup":22,"tipus":"PROBLEMES"},{"nomAssig":"IC","numGrup":13,"tipus":"PROBLEMES"},{"nomAssig":"FM","numGrup":10,"tipus":"TEORIA"},{"nomAssig":"FM","numGrup":20,"tipus":"TEORIA"},null,null,null,{"nomAssig":"AC","numGrup":31,"tipus":"PROBLEMES"},{"nomAssig":"AC","numGrup":33,"tipus":"PROBLEMES"}],[{"nomAssig":"PR","numGrup":11,"tipus":"PROBLEMES"},{"nomAssig":"PRO1","numGrup":10,"tipus":"TEORIA"},{"nomAssig":"F","numGrup":10,"tipus":"TEORIA"},{"nomAssig":"PRO2","numGrup":10,"tipus":"TEORIA"},{"nomAssig":"IC","numGrup":14,"tipus":"PROBLEMES"},null,null,null,null,null,null,null]]},"A5S03":{"interval":12,"diesS":5,"matriu":[[{"nomAssig":"IC","numGrup":12,"tipus":"LABORATORI"},{"nomAssig":"PRO1","numGrup":12,"tipus":"LABORATORI"},{"nomAssig":"EC","numGrup":12,"tipus":"LABORATORI"},{"nomAssig":"PR","numGrup":14,"tipus":"LABORATORI"},{"nomAssig":"oi","numGrup":13,"tipus":"LABORATORI"},{"nomAssig":"PR","numGrup":12,"tipus":"LABORATORI"},{"nomAssig":"FM","numGrup":23,"tipus":"LABORATORI"},null,null,null,{"nomAssig":"FM","numGrup":22,"tipus":"LABORATORI"},null],[{"nomAssig":"oi","numGrup":12,"tipus":"LABORATORI"},{"nomAssig":"PR","numGrup":14,"tipus":"LABORATORI"},{"nomAssig":"PR","numGrup":13,"tipus":"LABORATORI"},{"nomAssig":"PR","numGrup":11,"tipus":"LABORATORI"},{"nomAssig":"FM","numGrup":14,"tipus":"LABORATORI"},{"nomAssig":"F","numGrup":12,"tipus":"LABORATORI"},null,null,{"nomAssig":"F","numGrup":22,"tipus":"LABORATORI"},null,null,null],[{"nomAssig":"IC","numGrup":14,"tipus":"LABORATORI"},null,{"nomAssig":"FM","numGrup":14,"tipus":"LABORATORI"},{"nomAssig":"AC","numGrup":13,"tipus":"LABORATORI"},{"nomAssig":"FM","numGrup":11,"tipus":"LABORATORI"},{"nomAssig":"PRO1","numGrup":13,"tipus":"LABORATORI"},null,null,null,null,null,null],[{"nomAssig":"oi","numGrup":14,"tipus":"LABORATORI"},{"nomAssig":"EC","numGrup":13,"tipus":"LABORATORI"},{"nomAssig":"AC","numGrup":21,"tipus":"LABORATORI"},{"nomAssig":"IC","numGrup":11,"tipus":"LABORATORI"},{"nomAssig":"IC","numGrup":14,"tipus":"LABORATORI"},{"nomAssig":"FM","numGrup":13,"tipus":"LABORATORI"},null,{"nomAssig":"F","numGrup":21,"tipus":"LABORATORI"},null,{"nomAssig":"F","numGrup":22,"tipus":"LABORATORI"},null,null],[null,{"nomAssig":"oi","numGrup":11,"tipus":"LABORATORI"},null,{"nomAssig":"FM","numGrup":12,"tipus":"LABORATORI"},{"nomAssig":"oi","numGrup":11,"tipus":"LABORATORI"},{"nomAssig":"F","numGrup":11,"tipus":"LABORATORI"},null,null,null,{"nomAssig":"FM","numGrup":23,"tipus":"LABORATORI"},null,null]]}}}