{"cjtAssignatures":{"PRO2":{"nom":"PRO2","nHoresT":4,"nHoresL":1,"nHoresP":0,"nGrupsT":1,"nGrupsL":3,"nGrupsP":0,"nGrupsMati":1,"horesBlocT":2,"horesBlocL":1,"horesBlocP":0,"nAlumnesT":60,"nAlumnesL":20,"nAlumnesP":0,"nivell":2,"correquisits":[]},"PRO1":{"nom":"PRO1","nHoresT":4,"nHoresL":1,"nHoresP":0,"nGrupsT":1,"nGrupsL":3,"nGrupsP":0,"nGrupsMati":1,"horesBlocT":2,"horesBlocL":1,"horesBlocP":0,"nAlumnesT":60,"nAlumnesL":20,"nAlumnesP":0,"nivell":2,"correquisits":["EC"]},"AC":{"nom":"AC","nHoresT":2,"nHoresL":1,"nHoresP":1,"nGrupsT":3,"nGrupsL":3,"nGrupsP":3,"nGrupsMati":2,"horesBlocT":2,"horesBlocL":1,"horesBlocP":1,"nAlumnesT":60,"nAlumnesL":20,"nAlumnesP":20,"nivell":4,"correquisits":["EC"]},"PR":{"nom":"PR","nHoresT":2,"nHoresL":2,"nHoresP":1,"nGrupsT":1,"nGrupsL":4,"nGrupsP":4,"nGrupsMati":1,"horesBlocT":2,"horesBlocL":2,"horesBlocP":1,"nAlumnesT":60,"nAlumnesL":15,"nAlumnesP":15,"nivell":1,"correquisits":["FM","oi","EC"]},"F":{"nom":"F","nHoresT":2,"nHoresL":2,"nHoresP":1,"nGrupsT":2,"nGrupsL":2,"nGrupsP":2,"nGrupsMati":1,"horesBlocT":2,"horesBlocL":2,"horesBlocP":1,"nAlumnesT":60,"nAlumnesL":15,"nAlumnesP":15,"nivell":1,"correquisits":[]},"FM":{"nom":"FM","nHoresT":2,"nHoresL":2,"nHoresP":1,"nGrupsT":2,"nGrupsL":4,"nGrupsP":4,"nGrupsMati":1,"horesBlocT":2,"horesBlocL":2,"horesBlocP":1,"nAlumnesT":60,"nAlumnesL":15,"nAlumnesP":15,"nivell":1,"correquisits":[]},"IC":{"nom":"IC","nHoresT":2,"nHoresL":2,"nHoresP":1,"nGrupsT":1,"nGrupsL":4,"nGrupsP":4,"nGrupsMati":1,"horesBlocT":2,"horesBlocL":2,"horesBlocP":1,"nAlumnesT":60,"nAlumnesL":15,"nAlumnesP":15,"nivell":1,"correquisits":[]},"oi":{"nom":"oi","nHoresT":2,"nHoresL":2,"nHoresP":1,"nGrupsT":1,"nGrupsL":4,"nGrupsP":4,"nGrupsMati":1,"horesBlocT":2,"horesBlocL":2,"horesBlocP":1,"nAlumnesT":60,"nAlumnesL":15,"nAlumnesP":15,"nivell":1,"correquisits":["PRO1","EC"]},"EC":{"nom":"EC","nHoresT":4,"nHoresL":1,"nHoresP":0,"nGrupsT":1,"nGrupsL":3,"nGrupsP":0,"nGrupsMati":1,"horesBlocT":2,"horesBlocL":1,"horesBlocP":0,"nAlumnesT":60,"nAlumnesL":20,"nAlumnesP":0,"nivell":2,"correquisits":[]}},"cjtNivell":{"1":[{"nom":"FM","nHoresT":2,"nHoresL":2,"nHoresP":1,"nGrupsT":2,"nGrupsL":4,"nGrupsP":4,"nGrupsMati":1,"horesBlocT":2,"horesBlocL":2,"horesBlocP":1,"nAlumnesT":60,"nAlumnesL":15,"nAlumnesP":15,"nivell":1,"correquisits":[]},{"nom":"F","nHoresT":2,"nHoresL":2,"nHoresP":1,"nGrupsT":2,"nGrupsL":2,"nGrupsP":2,"nGrupsMati":1,"horesBlocT":2,"horesBlocL":2,"horesBlocP":1,"nAlumnesT":60,"nAlumnesL":15,"nAlumnesP":15,"nivell":1,"correquisits":[]},{"nom":"PR","nHoresT":2,"nHoresL":2,"nHoresP":1,"nGrupsT":1,"nGrupsL":4,"nGrupsP":4,"nGrupsMati":1,"horesBlocT":2,"horesBlocL":2,"horesBlocP":1,"nAlumnesT":60,"nAlumnesL":15,"nAlumnesP":15,"nivell":1,"correquisits":["FM","oi","EC"]},{"nom":"oi","nHoresT":2,"nHoresL":2,"nHoresP":1,"nGrupsT":1,"nGrupsL":4,"nGrupsP":4,"nGrupsMati":1,"horesBlocT":2,"horesBlocL":2,"horesBlocP":1,"nAlumnesT":60,"nAlumnesL":15,"nAlumnesP":15,"nivell":1,"correquisits":["PRO1","EC"]},{"nom":"IC","nHoresT":2,"nHoresL":2,"nHoresP":1,"nGrupsT":1,"nGrupsL":4,"nGrupsP":4,"nGrupsMati":1,"horesBlocT":2,"horesBlocL":2,"horesBlocP":1,"nAlumnesT":60,"nAlumnesL":15,"nAlumnesP":15,"nivell":1,"correquisits":[]}],"2":[{"nom":"PRO2","nHoresT":4,"nHoresL":1,"nHoresP":0,"nGrupsT":1,"nGrupsL":3,"nGrupsP":0,"nGrupsMati":1,"horesBlocT":2,"horesBlocL":1,"horesBlocP":0,"nAlumnesT":60,"nAlumnesL":20,"nAlumnesP":0,"nivell":2,"correquisits":[]},{"nom":"PRO1","nHoresT":4,"nHoresL":1,"nHoresP":0,"nGrupsT":1,"nGrupsL":3,"nGrupsP":0,"nGrupsMati":1,"horesBlocT":2,"horesBlocL":1,"horesBlocP":0,"nAlumnesT":60,"nAlumnesL":20,"nAlumnesP":0,"nivell":2,"correquisits":["EC"]},{"nom":"EC","nHoresT":4,"nHoresL":1,"nHoresP":0,"nGrupsT":1,"nGrupsL":3,"nGrupsP":0,"nGrupsMati":1,"horesBlocT":2,"horesBlocL":1,"horesBlocP":0,"nAlumnesT":60,"nAlumnesL":20,"nAlumnesP":0,"nivell":2,"correquisits":[]}],"4":[{"nom":"AC","nHoresT":2,"nHoresL":1,"nHoresP":1,"nGrupsT":3,"nGrupsL":3,"nGrupsP":3,"nGrupsMati":2,"horesBlocT":2,"horesBlocL":1,"horesBlocP":1,"nAlumnesT":60,"nAlumnesL":20,"nAlumnesP":20,"nivell":4,"correquisits":["EC"]}]}}