{"conjuntAules":  {    "A5202":    {      "id": "A5202",      "capacitat" : 30,      "tipus": "TEORIA"    },    "A5S02":    {      "id": "A5S02",      "capacitat" : 20,      "tipus": "LABORATORI"    },    "A6101":    {      "id": "A6101",      "capacitat" : 60,      "tipus": "TEORIA"    },    C6S03:  {    "id": "C6S03",    "capacitat" : 50,    "tipus": "LABORATORI"  },    C6S04:  {    "id": "C6S04",    "capacitat" : 50,    "tipus": "LABORATORI"  },    C6S05:  {    "id": "C6S05",    "capacitat" : 50,    "tipus": "LABORATORI"  },    C6S06:  {    "id": "C6S06",    "capacitat" : 50,    "tipus": "LABORATORI"  },    C6S07:  {    "id": "C6S07",    "capacitat" : 50,    "tipus": "LABORATORI"  },    A5203:  {    "id": "A5203",    "capacitat" : 30,    "tipus": "TEORIA"  },    A5204:  {    "id": "A5204",    "capacitat" : 30,    "tipus": "TEORIA"  },    A5205:  {    "id": "A5205",    "capacitat" : 30,    "tipus": "TEORIA"  },    A5206:  {    "id": "A5206",    "capacitat" : 30,    "tipus": "TEORIA"  }}